Model,AUC
withinsession_CART,0.5584074536342286
withinsession_xgb,0.5836650714815949
presession_CART,0.5991541818275351
presession_xgb,0.6423036367377678
full_CART,0.6196731682801986
full_XGB,0.6654296157975574
